issue_id,order_id,root_cause,reported_date,resolved_date,resolution_days
1,1007,Supplier,2025-10-04,2025-10-08,4
2,1102,Supplier,2025-10-09,2025-10-13,4
3,1164,Supplier,2025-10-13,2025-10-21,8
4,1228,Design,2025-10-09,2025-10-15,6
5,1231,Design,2025-10-09,2025-10-17,8
6,1260,Supplier,2025-10-15,2025-10-22,7
7,1272,Supplier,2025-10-08,2025-10-10,2
8,1289,Supplier,2025-10-15,2025-10-21,6
9,1368,Supplier,2025-10-11,2025-10-19,8
10,1372,Design,2025-10-12,2025-10-20,8
11,1384,Design,2025-10-15,2025-10-19,4
12,1413,Supplier,2025-10-14,2025-10-17,3
13,1426,Design,2025-10-13,2025-10-20,7
14,1432,Supplier,2025-10-19,2025-10-25,6
15,1477,Design,2025-10-11,2025-10-15,4
16,1515,Design,2025-10-13,2025-10-19,6
17,1519,Supplier,2025-10-15,2025-10-19,4
18,1564,Supplier,2025-10-18,2025-10-22,4
19,1568,Supplier,2025-10-17,2025-10-20,3
20,1604,Supplier,2025-10-18,2025-10-22,4
21,1613,Supplier,2025-10-19,2025-10-27,8
22,1660,Supplier,2025-10-18,2025-10-27,9
23,1668,Supplier,2025-10-19,2025-10-25,6
24,1734,Supplier,2025-10-17,2025-10-25,8
25,1781,Design,2025-10-16,2025-10-21,5
26,1785,Supplier,2025-10-19,2025-10-21,2
27,1809,Supplier,2025-10-21,2025-10-27,6
28,1843,Design,2025-10-16,2025-10-18,2
29,1875,Supplier,2025-10-21,2025-10-28,7
30,1920,Supplier,2025-10-22,2025-10-27,5
31,1940,Design,2025-10-28,2025-11-02,5
32,2048,Supplier,2025-10-27,2025-10-30,3
33,2091,Design,2025-10-27,2025-11-03,7
34,2118,Supplier,2025-10-31,2025-11-02,2
35,2125,Design,2025-10-24,2025-11-02,9
36,2181,Design,2025-10-25,2025-10-28,3
37,2244,Supplier,2025-10-29,2025-11-04,6
38,2251,Supplier,2025-10-24,2025-11-01,8
39,2254,Design,2025-10-29,2025-11-05,7
40,2297,Design,2025-10-26,2025-10-29,3
41,2330,Design,2025-11-03,2025-11-12,9
42,2343,Supplier,2025-10-30,2025-11-06,7
43,2362,Supplier,2025-11-01,2025-11-09,8
44,2392,Design,2025-10-30,2025-11-07,8
45,2419,Supplier,2025-11-04,2025-11-09,5
46,2448,Supplier,2025-11-01,2025-11-10,9
47,2452,Design,2025-11-02,2025-11-10,8
48,2470,Design,2025-11-01,2025-11-08,7
49,2486,Supplier,2025-11-03,2025-11-07,4
50,2498,Design,2025-11-02,2025-11-04,2
51,2501,Supplier,2025-11-01,2025-11-09,8
52,2541,Supplier,2025-11-01,2025-11-03,2
53,2544,Design,2025-11-02,2025-11-09,7
54,2547,Supplier,2025-10-30,2025-11-07,8
55,2556,Supplier,2025-11-02,2025-11-06,4
56,2560,Design,2025-10-29,2025-11-02,4
57,2568,Supplier,2025-11-02,2025-11-10,8
58,2573,Design,2025-11-03,2025-11-12,9
59,2598,Supplier,2025-11-02,2025-11-06,4
60,2649,Supplier,2025-11-02,2025-11-10,8
61,2664,Supplier,2025-10-31,2025-11-09,9
62,2708,Design,2025-11-09,2025-11-13,4
63,2732,Supplier,2025-11-09,2025-11-16,7
64,2737,Supplier,2025-11-06,2025-11-15,9
65,2743,Supplier,2025-11-09,2025-11-14,5
66,2744,Supplier,2025-11-07,2025-11-13,6
67,2757,Design,2025-11-04,2025-11-09,5
68,2825,Supplier,2025-11-06,2025-11-09,3
69,2854,Supplier,2025-11-12,2025-11-18,6
70,2869,Supplier,2025-11-11,2025-11-20,9
71,2915,Supplier,2025-11-07,2025-11-13,6
72,2917,Supplier,2025-11-06,2025-11-09,3
73,2927,Supplier,2025-11-08,2025-11-12,4
74,2948,Supplier,2025-11-10,2025-11-15,5
75,2995,Supplier,2025-11-11,2025-11-16,5
76,3021,Supplier,2025-11-16,2025-11-18,2
77,3030,Supplier,2025-11-06,2025-11-14,8
78,3075,Design,2025-11-17,2025-11-25,8
79,3090,Supplier,2025-11-13,2025-11-19,6
80,3122,Supplier,2025-11-17,2025-11-25,8
81,3141,Supplier,2025-11-15,2025-11-23,8
82,3145,Design,2025-11-08,2025-11-12,4
83,3147,Supplier,2025-11-11,2025-11-15,4
84,3161,Supplier,2025-11-19,2025-11-25,6
85,3176,Supplier,2025-11-14,2025-11-22,8
86,3177,Supplier,2025-11-16,2025-11-25,9
87,3195,Design,2025-11-17,2025-11-25,8
88,3198,Design,2025-11-11,2025-11-13,2
89,3221,Design,2025-11-08,2025-11-14,6
90,3229,Supplier,2025-11-17,2025-11-23,6
91,3233,Supplier,2025-11-15,2025-11-21,6
92,3269,Supplier,2025-11-16,2025-11-22,6
93,3306,Supplier,2025-11-17,2025-11-22,5
94,3316,Supplier,2025-11-19,2025-11-26,7
95,3346,Design,2025-11-14,2025-11-20,6
96,3354,Design,2025-11-15,2025-11-22,7
97,3366,Design,2025-11-18,2025-11-21,3
98,3409,Supplier,2025-11-17,2025-11-19,2
99,3412,Supplier,2025-11-20,2025-11-22,2
100,3419,Design,2025-11-16,2025-11-24,8
101,3442,Design,2025-11-17,2025-11-20,3
102,3452,Supplier,2025-11-21,2025-11-27,6
103,3521,Supplier,2025-11-13,2025-11-22,9
104,3528,Supplier,2025-11-17,2025-11-26,9
105,3536,Supplier,2025-11-22,2025-11-28,6
106,3544,Supplier,2025-11-18,2025-11-21,3
107,3547,Supplier,2025-11-22,2025-11-25,3
108,3559,Supplier,2025-11-16,2025-11-25,9
109,3566,Supplier,2025-11-21,2025-11-26,5
110,3576,Design,2025-11-20,2025-11-24,4
111,3581,Supplier,2025-11-18,2025-11-25,7
112,3601,Supplier,2025-11-19,2025-11-27,8
113,3623,Design,2025-11-21,2025-11-23,2
114,3641,Supplier,2025-11-21,2025-11-24,3
115,3649,Supplier,2025-11-25,2025-11-27,2
116,3663,Supplier,2025-11-22,2025-11-24,2
117,3665,Supplier,2025-11-23,2025-11-26,3
118,3672,Supplier,2025-11-25,2025-11-30,5
119,3675,Supplier,2025-11-21,2025-11-27,6
120,3704,Supplier,2025-11-24,2025-12-02,8
121,3714,Design,2025-11-20,2025-11-25,5
122,3727,Supplier,2025-11-15,2025-11-17,2
123,3728,Supplier,2025-11-21,2025-11-26,5
124,3758,Design,2025-11-23,2025-12-01,8
125,3814,Supplier,2025-11-26,2025-12-04,8
126,3822,Supplier,2025-11-21,2025-11-29,8
127,3826,Supplier,2025-11-23,2025-11-30,7
128,3834,Supplier,2025-11-22,2025-11-25,3
129,3855,Supplier,2025-11-25,2025-11-28,3
130,3860,Supplier,2025-11-21,2025-11-29,8
131,3934,Design,2025-11-26,2025-12-01,5
132,3956,Design,2025-11-23,2025-11-29,6
133,3993,Supplier,2025-11-22,2025-12-01,9
134,4001,Design,2025-11-21,2025-11-24,3
135,4024,Design,2025-11-27,2025-12-06,9
136,4025,Design,2025-12-07,2025-12-12,5
137,4035,Supplier,2025-11-27,2025-12-11,14
138,4036,Supplier,2025-11-24,2025-12-05,11
139,4055,Supplier,2025-12-07,2025-12-14,7
140,4059,Supplier,2025-12-08,2025-12-22,14
141,4060,Design,2025-12-03,2025-12-06,3
142,4067,Design,2025-12-05,2025-12-14,9
143,4076,Design,2025-11-23,2025-11-26,3
144,4085,Supplier,2025-11-29,2025-12-02,3
145,4087,Supplier,2025-11-29,2025-12-12,13
146,4102,Design,2025-12-02,2025-12-10,8
147,4113,Supplier,2025-12-02,2025-12-15,13
148,4123,Supplier,2025-11-28,2025-12-01,3
149,4127,Supplier,2025-12-06,2025-12-18,12
150,4147,Supplier,2025-11-26,2025-12-10,14
151,4150,Supplier,2025-12-05,2025-12-19,14
152,4154,Supplier,2025-12-04,2025-12-08,4
153,4159,Design,2025-12-08,2025-12-12,4
154,4184,Design,2025-11-25,2025-12-07,12
155,4188,Supplier,2025-12-15,2025-12-22,7
156,4200,Design,2025-12-07,2025-12-16,9
157,4201,Supplier,2025-11-28,2025-12-02,4
158,4229,Design,2025-12-05,2025-12-18,13
159,4230,Design,2025-12-05,2025-12-13,8
160,4236,Design,2025-11-29,2025-12-02,3
161,4242,Supplier,2025-12-10,2025-12-14,4
162,4253,Supplier,2025-11-30,2025-12-13,13
163,4254,Supplier,2025-12-05,2025-12-12,7
164,4261,Supplier,2025-12-07,2025-12-15,8
165,4289,Supplier,2025-12-08,2025-12-16,8
166,4297,Design,2025-12-01,2025-12-15,14
167,4304,Supplier,2025-11-30,2025-12-04,4
168,4326,Supplier,2025-12-01,2025-12-04,3
169,4347,Supplier,2025-12-06,2025-12-17,11
170,4348,Supplier,2025-12-04,2025-12-08,4
171,4386,Supplier,2025-12-05,2025-12-10,5
172,4399,Supplier,2025-11-28,2025-12-05,7
173,4424,Design,2025-12-07,2025-12-10,3
174,4428,Supplier,2025-12-09,2025-12-12,3
175,4458,Design,2025-12-02,2025-12-11,9
176,4465,Design,2025-12-07,2025-12-20,13
177,4477,Design,2025-12-06,2025-12-11,5
178,4481,Supplier,2025-12-09,2025-12-16,7
179,4483,Supplier,2025-12-07,2025-12-10,3
180,4488,Design,2025-12-06,2025-12-09,3
181,4493,Supplier,2025-12-11,2025-12-14,3
182,4505,Supplier,2025-12-11,2025-12-17,6
183,4513,Design,2025-12-11,2025-12-17,6
184,4523,Supplier,2025-12-08,2025-12-12,4
185,4533,Supplier,2025-12-05,2025-12-09,4
186,4546,Supplier,2025-12-05,2025-12-12,7
187,4549,Supplier,2025-12-07,2025-12-13,6
188,4577,Design,2025-12-03,2025-12-13,10
189,4579,Design,2025-12-06,2025-12-12,6
190,4582,Supplier,2025-12-07,2025-12-13,6
191,4618,Supplier,2025-12-08,2025-12-16,8
192,4630,Design,2025-12-07,2025-12-20,13
193,4641,Supplier,2025-12-13,2025-12-22,9
194,4705,Supplier,2025-12-03,2025-12-14,11
195,4708,Supplier,2025-12-01,2025-12-10,9
196,4710,Design,2025-12-08,2025-12-22,14
197,4721,Supplier,2025-12-04,2025-12-15,11
198,4732,Supplier,2025-11-30,2025-12-14,14
199,4735,Design,2025-12-11,2025-12-14,3
200,4743,Supplier,2025-12-10,2025-12-14,4
201,4744,Design,2025-12-03,2025-12-09,6
202,4752,Design,2025-12-18,2025-12-27,9
203,4765,Supplier,2025-12-13,2025-12-21,8
204,4766,Design,2025-12-03,2025-12-10,7
205,4774,Supplier,2025-11-30,2025-12-13,13
206,4793,Supplier,2025-12-08,2025-12-11,3
207,4804,Supplier,2025-12-13,2025-12-25,12
208,4806,Supplier,2025-12-06,2025-12-20,14
209,4825,Design,2025-12-15,2025-12-29,14
210,4840,Design,2025-12-08,2025-12-18,10
211,4859,Supplier,2025-12-03,2025-12-14,11
212,4865,Design,2025-12-09,2025-12-18,9
213,4877,Design,2025-11-27,2025-12-03,6
214,4912,Supplier,2025-12-14,2025-12-21,7
215,4928,Supplier,2025-12-14,2025-12-17,3
216,4930,Supplier,2025-12-05,2025-12-14,9
217,4956,Supplier,2025-12-13,2025-12-18,5
218,4958,Supplier,2025-12-03,2025-12-17,14
219,4961,Design,2025-12-07,2025-12-10,3
220,4962,Design,2025-12-06,2025-12-15,9
221,4968,Design,2025-12-16,2025-12-22,6
222,4995,Supplier,2025-12-06,2025-12-13,7
223,5008,Design,2025-12-01,2025-12-14,13
224,5010,Design,2025-12-10,2025-12-14,4
225,5013,Supplier,2025-12-03,2025-12-10,7
226,5023,Supplier,2025-12-11,2025-12-22,11
227,5035,Design,2025-12-04,2025-12-12,8
228,5072,Supplier,2025-12-14,2025-12-23,9
229,5078,Design,2025-12-04,2025-12-10,6
230,5089,Design,2025-12-12,2025-12-21,9
231,5092,Design,2025-12-05,2025-12-13,8
232,5103,Design,2025-12-04,2025-12-09,5
233,5104,Design,2025-11-30,2025-12-09,9
234,5113,Design,2025-12-15,2025-12-18,3
235,5125,Supplier,2025-12-17,2025-12-27,10
236,5177,Design,2025-12-15,2025-12-20,5
237,5181,Supplier,2025-12-13,2025-12-26,13
238,5204,Supplier,2025-12-17,2025-12-26,9
239,5208,Design,2025-12-03,2025-12-14,11
240,5228,Supplier,2025-12-14,2025-12-25,11
241,5229,Supplier,2025-12-11,2025-12-22,11
242,5230,Supplier,2025-12-14,2025-12-18,4
243,5242,Supplier,2025-12-19,2025-12-28,9
244,5257,Supplier,2025-12-07,2025-12-12,5
245,5262,Design,2025-12-07,2025-12-21,14
246,5265,Supplier,2025-12-06,2025-12-13,7
247,5273,Supplier,2025-12-01,2025-12-10,9
248,5297,Design,2025-12-09,2025-12-22,13
249,5324,Supplier,2025-12-09,2025-12-20,11
250,5331,Supplier,2025-12-13,2025-12-22,9
251,5403,Design,2025-12-06,2025-12-14,8
252,5410,Design,2025-12-10,2025-12-15,5
253,5422,Design,2025-12-08,2025-12-17,9
254,5448,Supplier,2025-12-09,2025-12-20,11
255,5461,Design,2025-12-09,2025-12-15,6
256,5470,Supplier,2025-12-20,2025-12-26,6
257,5474,Supplier,2025-12-12,2025-12-25,13
258,5476,Supplier,2025-12-15,2025-12-25,10
259,5485,Supplier,2025-12-11,2025-12-24,13
260,5499,Supplier,2025-12-07,2025-12-18,11
261,5502,Supplier,2025-12-10,2025-12-16,6
262,5554,Design,2025-12-02,2025-12-11,9
263,5573,Supplier,2025-12-08,2025-12-14,6
264,5577,Design,2025-12-08,2025-12-22,14
265,5581,Supplier,2025-12-13,2025-12-23,10
266,5611,Supplier,2025-12-17,2025-12-20,3
267,5617,Supplier,2025-12-14,2025-12-24,10
268,5620,Supplier,2025-12-14,2025-12-28,14
269,5637,Supplier,2025-12-10,2025-12-20,10
270,5656,Supplier,2025-12-13,2025-12-24,11
271,5663,Supplier,2025-12-07,2025-12-18,11
272,5673,Supplier,2025-12-19,2025-12-24,5
273,5675,Design,2025-12-12,2025-12-17,5
274,5687,Supplier,2025-12-13,2025-12-20,7
275,5688,Supplier,2025-12-18,2025-12-29,11
276,5696,Supplier,2025-12-17,2025-12-29,12
277,5704,Supplier,2025-12-16,2025-12-27,11
278,5707,Supplier,2025-12-13,2025-12-27,14
279,5724,Supplier,2025-12-09,2025-12-22,13
280,5738,Design,2025-12-11,2025-12-21,10
281,5747,Design,2025-12-21,2026-01-04,14
282,5758,Design,2025-12-11,2025-12-25,14
283,5760,Design,2025-12-26,2025-12-30,4
284,5764,Design,2025-12-15,2025-12-24,9
285,5780,Design,2025-12-09,2025-12-17,8
286,5784,Supplier,2025-12-12,2025-12-20,8
287,5787,Design,2025-12-07,2025-12-17,10
288,5795,Supplier,2025-12-13,2025-12-21,8
289,5798,Supplier,2025-12-06,2025-12-11,5
290,5799,Supplier,2025-12-11,2025-12-15,4
291,5800,Supplier,2025-12-13,2025-12-26,13
292,5816,Supplier,2025-12-09,2025-12-18,9
293,5819,Supplier,2025-12-04,2025-12-07,3
294,5827,Design,2025-12-12,2025-12-20,8
295,5828,Design,2025-12-15,2025-12-28,13
296,5841,Design,2025-12-11,2025-12-21,10
297,5869,Supplier,2025-12-15,2025-12-24,9
298,5877,Design,2025-12-12,2025-12-15,3
299,5882,Supplier,2025-12-17,2025-12-31,14
300,5897,Design,2025-12-11,2025-12-23,12
301,5899,Design,2025-12-12,2025-12-16,4
302,5907,Design,2025-12-12,2025-12-19,7
303,5912,Supplier,2025-12-13,2025-12-24,11
304,5915,Supplier,2025-12-11,2025-12-21,10
305,5939,Supplier,2025-12-08,2025-12-14,6
306,5948,Supplier,2025-12-07,2025-12-16,9
307,5952,Supplier,2025-12-06,2025-12-20,14
308,5957,Supplier,2025-12-12,2025-12-24,12
309,5961,Supplier,2025-12-14,2025-12-21,7
310,5982,Supplier,2025-12-18,2025-12-23,5
311,5999,Supplier,2025-12-20,2025-12-26,6
312,6021,Design,2025-12-15,2025-12-19,4
313,6052,Supplier,2025-12-13,2025-12-24,11
314,6059,Design,2025-12-08,2025-12-20,12
315,6069,Supplier,2025-12-10,2025-12-22,12
316,6074,Supplier,2025-12-22,2025-12-26,4
317,6110,Supplier,2025-12-21,2025-12-26,5
318,6133,Design,2025-12-22,2026-01-01,10
319,6147,Design,2025-12-07,2025-12-10,3
320,6150,Design,2025-12-22,2025-12-27,5
321,6166,Supplier,2025-12-11,2025-12-15,4
322,6170,Supplier,2025-12-06,2025-12-19,13
323,6175,Supplier,2025-12-19,2026-01-01,13
324,6176,Supplier,2025-12-11,2025-12-20,9
325,6192,Supplier,2025-12-11,2025-12-19,8
326,6205,Supplier,2025-12-12,2025-12-17,5
327,6210,Supplier,2025-12-05,2025-12-13,8
328,6211,Supplier,2025-12-12,2025-12-22,10
329,6284,Supplier,2025-12-18,2025-12-29,11
330,6293,Supplier,2025-12-06,2025-12-15,9
331,6294,Supplier,2025-12-22,2026-01-05,14
332,6305,Design,2025-12-14,2025-12-23,9
333,6322,Supplier,2025-12-15,2025-12-22,7
334,6326,Supplier,2025-12-12,2025-12-15,3
335,6338,Supplier,2025-12-18,2025-12-24,6
336,6357,Supplier,2025-12-05,2025-12-16,11
337,6371,Supplier,2025-12-21,2025-12-24,3
338,6377,Supplier,2025-12-10,2025-12-13,3
339,6405,Design,2025-12-24,2025-12-28,4
340,6412,Design,2025-12-10,2025-12-17,7
341,6415,Supplier,2025-12-12,2025-12-26,14
342,6416,Supplier,2025-12-13,2025-12-18,5
343,6434,Design,2025-12-11,2025-12-17,6
344,6440,Supplier,2025-12-09,2025-12-13,4
345,6453,Supplier,2025-12-16,2025-12-20,4
346,6458,Design,2025-12-14,2025-12-27,13
347,6459,Design,2025-12-08,2025-12-15,7
348,6465,Design,2025-12-15,2025-12-23,8
349,6474,Supplier,2025-12-15,2025-12-23,8
350,6490,Design,2025-12-12,2025-12-20,8
351,6503,Supplier,2025-12-09,2025-12-20,11
352,6510,Supplier,2025-12-08,2025-12-19,11
353,6540,Design,2025-12-25,2025-12-28,3
354,6544,Supplier,2025-12-11,2025-12-24,13
355,6546,Supplier,2025-12-28,2026-01-01,4
356,6561,Supplier,2025-12-24,2025-12-28,4
357,6571,Supplier,2025-12-18,2025-12-26,8
358,6575,Supplier,2025-12-05,2025-12-11,6
359,6601,Design,2025-12-04,2025-12-18,14
360,6611,Supplier,2025-12-10,2025-12-20,10
361,6624,Design,2025-12-05,2025-12-12,7
362,6628,Design,2025-12-05,2025-12-08,3
363,6648,Supplier,2025-12-12,2025-12-25,13
364,6657,Design,2025-12-12,2025-12-23,11
365,6668,Supplier,2025-12-10,2025-12-17,7
366,6685,Supplier,2025-12-20,2025-12-25,5
367,6692,Design,2025-12-18,2025-12-23,5
368,6719,Supplier,2025-12-16,2025-12-20,4
369,6734,Design,2025-12-16,2025-12-22,6
370,6746,Supplier,2025-12-17,2025-12-24,7
371,6762,Supplier,2025-12-18,2025-12-27,9
372,6764,Supplier,2025-12-09,2025-12-17,8
373,6778,Supplier,2025-12-18,2025-12-22,4
374,6779,Design,2025-12-17,2025-12-27,10
375,6808,Supplier,2025-12-09,2025-12-15,6
376,6815,Design,2025-12-11,2025-12-20,9
377,6820,Supplier,2025-12-13,2025-12-21,8
378,6847,Supplier,2025-12-24,2025-12-29,5
379,6871,Supplier,2025-12-12,2025-12-16,4
380,6875,Supplier,2025-12-11,2025-12-21,10
381,6890,Supplier,2025-12-16,2025-12-28,12
382,6898,Supplier,2025-12-10,2025-12-16,6
383,6905,Supplier,2025-12-16,2025-12-27,11
384,6915,Supplier,2025-12-13,2025-12-16,3
385,6916,Supplier,2025-12-04,2025-12-07,3
386,6944,Design,2025-12-12,2025-12-20,8
387,6949,Supplier,2025-12-09,2025-12-15,6
388,6951,Supplier,2025-12-03,2025-12-14,11
389,6952,Design,2025-12-13,2025-12-25,12
390,6959,Supplier,2025-12-20,2026-01-02,13
391,6961,Supplier,2025-12-13,2025-12-24,11
392,6967,Supplier,2025-12-21,2026-01-01,11
393,6977,Supplier,2025-12-17,2025-12-30,13
394,7004,Design,2025-12-14,2025-12-23,9
395,7010,Supplier,2025-12-30,2026-01-11,12
396,7017,Design,2025-12-11,2025-12-19,8
397,7018,Design,2025-12-11,2025-12-19,8
398,7052,Design,2025-12-23,2026-01-02,10
399,7068,Supplier,2025-12-20,2025-12-29,9
400,7081,Supplier,2025-12-17,2025-12-24,7
401,7101,Design,2025-12-15,2025-12-21,6
402,7105,Supplier,2025-12-14,2025-12-17,3
403,7126,Design,2025-12-11,2025-12-14,3
404,7127,Design,2025-12-16,2025-12-26,10
405,7129,Supplier,2025-12-22,2025-12-29,7
406,7157,Supplier,2025-12-13,2025-12-20,7
407,7175,Supplier,2025-12-04,2025-12-09,5
408,7179,Design,2025-12-11,2025-12-22,11
409,7188,Supplier,2025-12-09,2025-12-18,9
410,7189,Design,2025-12-09,2025-12-16,7
411,7190,Design,2025-12-14,2025-12-24,10
412,7193,Supplier,2025-12-14,2025-12-26,12
413,7201,Supplier,2025-12-10,2025-12-18,8
414,7209,Supplier,2025-12-13,2025-12-20,7
415,7215,Design,2025-12-13,2025-12-19,6
416,7218,Design,2025-12-16,2025-12-21,5
417,7241,Design,2025-12-14,2025-12-17,3
418,7264,Supplier,2025-12-10,2025-12-16,6
419,7289,Supplier,2025-12-14,2025-12-24,10
420,7295,Design,2025-12-12,2025-12-19,7
421,7314,Supplier,2025-12-18,2025-12-30,12
422,7361,Design,2025-12-12,2025-12-24,12
423,7362,Design,2025-12-27,2025-12-30,3
424,7369,Design,2025-12-28,2026-01-05,8
425,7370,Supplier,2025-12-07,2025-12-19,12
426,7375,Design,2025-12-15,2025-12-29,14
427,7394,Supplier,2025-12-17,2025-12-25,8
428,7403,Supplier,2025-12-11,2025-12-24,13
429,7404,Supplier,2025-12-12,2025-12-25,13
430,7467,Supplier,2025-12-15,2025-12-22,7
431,7479,Supplier,2025-12-13,2025-12-27,14
432,7486,Supplier,2025-12-18,2025-12-25,7
433,7489,Supplier,2025-12-16,2025-12-22,6
434,7501,Design,2025-12-22,2025-12-27,5
435,7510,Supplier,2025-12-15,2025-12-19,4
436,7512,Design,2025-12-11,2025-12-21,10
437,7522,Design,2025-12-12,2025-12-24,12
438,7524,Supplier,2025-12-14,2025-12-20,6
439,7527,Design,2025-12-18,2026-01-01,14
440,7560,Design,2025-12-25,2026-01-07,13
441,7563,Supplier,2025-12-12,2025-12-22,10
442,7594,Supplier,2025-12-19,2026-01-02,14
443,7606,Design,2025-12-19,2025-12-25,6
444,7608,Supplier,2025-12-18,2025-12-21,3
445,7626,Supplier,2025-12-24,2025-12-29,5
446,7629,Supplier,2025-12-14,2025-12-22,8
447,7653,Design,2025-12-18,2025-12-22,4
448,7668,Supplier,2025-12-17,2025-12-27,10
449,7679,Design,2025-12-24,2025-12-28,4
450,7684,Supplier,2025-12-14,2025-12-24,10
451,7686,Supplier,2025-12-10,2025-12-21,11
452,7687,Supplier,2025-12-13,2025-12-24,11
453,7700,Supplier,2025-12-12,2025-12-25,13
454,7708,Supplier,2025-12-10,2025-12-22,12
455,7712,Supplier,2025-12-18,2026-01-01,14
456,7725,Supplier,2025-12-20,2026-01-03,14
457,7754,Supplier,2025-12-13,2025-12-26,13
458,7795,Supplier,2025-12-15,2025-12-24,9
459,7806,Supplier,2025-12-22,2025-12-31,9
460,7833,Supplier,2025-12-20,2025-12-23,3
461,7837,Design,2025-12-22,2025-12-29,7
462,7838,Design,2025-12-20,2025-12-30,10
463,7870,Supplier,2025-12-28,2026-01-05,8
464,7874,Design,2025-12-23,2025-12-26,3
465,7897,Supplier,2025-12-15,2025-12-22,7
466,7898,Supplier,2025-12-19,2025-12-25,6
467,7918,Supplier,2025-12-10,2025-12-23,13
468,7931,Design,2025-12-14,2025-12-28,14
469,7932,Supplier,2025-12-16,2025-12-21,5
470,7939,Design,2025-12-20,2026-01-01,12
471,7959,Supplier,2025-12-14,2025-12-27,13
472,7970,Supplier,2025-12-19,2025-12-26,7
473,7973,Supplier,2025-12-20,2026-01-01,12
474,7999,Supplier,2025-12-13,2025-12-19,6
475,8011,Supplier,2025-12-18,2025-12-30,12
476,8014,Design,2025-12-11,2025-12-15,4
477,8017,Supplier,2025-12-19,2025-12-23,4
478,8020,Supplier,2025-12-19,2025-12-30,11
479,8043,Supplier,2025-12-13,2025-12-25,12
480,8050,Supplier,2025-12-28,2026-01-07,10
481,8052,Supplier,2025-12-18,2025-12-24,6
482,8080,Design,2025-12-29,2026-01-08,10
483,8081,Supplier,2025-12-15,2025-12-29,14
484,8089,Design,2025-12-19,2025-12-27,8
485,8113,Design,2025-12-15,2025-12-22,7
486,8119,Supplier,2025-12-09,2025-12-18,9
487,8123,Supplier,2025-12-26,2025-12-31,5
488,8135,Supplier,2025-12-15,2025-12-20,5
489,8138,Design,2025-12-18,2025-12-25,7
490,8141,Supplier,2025-12-21,2025-12-31,10
491,8154,Supplier,2025-12-29,2026-01-06,8
492,8158,Supplier,2025-12-17,2025-12-31,14
493,8171,Supplier,2025-12-11,2025-12-16,5
494,8180,Design,2025-12-21,2025-12-24,3
495,8189,Supplier,2025-12-25,2026-01-06,12
496,8195,Design,2025-12-22,2026-01-05,14
497,8203,Supplier,2025-12-19,2026-01-01,13
498,8206,Supplier,2025-12-20,2025-12-31,11
499,8211,Supplier,2025-12-18,2025-12-25,7
500,8232,Design,2025-12-20,2025-12-25,5
501,8237,Supplier,2025-12-15,2025-12-22,7
502,8242,Supplier,2025-12-21,2025-12-25,4
503,8250,Supplier,2025-12-22,2025-12-28,6
504,8251,Supplier,2025-12-27,2026-01-04,8
505,8276,Supplier,2025-12-18,2025-12-24,6
506,8281,Supplier,2025-12-17,2025-12-27,10
507,8287,Design,2025-12-20,2025-12-29,9
508,8304,Supplier,2025-12-26,2025-12-30,4
509,8311,Supplier,2025-12-18,2025-12-27,9
510,8313,Supplier,2025-12-21,2025-12-27,6
511,8315,Design,2025-12-21,2025-12-27,6
512,8318,Supplier,2025-12-23,2025-12-27,4
513,8348,Supplier,2025-12-14,2025-12-18,4
514,8353,Design,2025-12-20,2026-01-02,13
515,8355,Supplier,2025-12-17,2025-12-25,8
516,8368,Supplier,2025-12-24,2026-01-06,13
517,8371,Supplier,2025-12-27,2026-01-07,11
518,8379,Design,2025-12-20,2025-12-31,11
519,8388,Supplier,2025-12-08,2025-12-15,7
520,8394,Design,2025-12-24,2025-12-31,7
521,8402,Design,2025-12-19,2025-12-23,4
522,8404,Supplier,2025-12-20,2025-12-29,9
523,8432,Design,2025-12-30,2026-01-13,14
524,8441,Supplier,2025-12-20,2025-12-27,7
525,8473,Design,2025-12-28,2026-01-04,7
526,8474,Supplier,2025-12-20,2026-01-02,13
527,8483,Supplier,2025-12-22,2026-01-04,13
528,8484,Supplier,2025-12-22,2025-12-27,5
529,8488,Design,2025-12-14,2025-12-23,9
530,8489,Supplier,2025-12-22,2025-12-27,5
531,8511,Supplier,2025-12-28,2026-01-02,5
532,8512,Supplier,2025-12-24,2026-01-07,14
533,8545,Supplier,2025-12-30,2026-01-10,11
534,8556,Design,2025-12-22,2025-12-31,9
535,8589,Supplier,2025-12-17,2025-12-26,9
536,8599,Supplier,2025-12-22,2026-01-03,12
537,8601,Design,2025-12-27,2026-01-07,11
538,8607,Supplier,2025-12-18,2025-12-26,8
539,8619,Design,2025-12-28,2026-01-02,5
540,8641,Supplier,2025-12-15,2025-12-23,8
541,8651,Supplier,2026-01-04,2026-01-07,3
542,8654,Design,2025-12-22,2026-01-04,13
543,8691,Supplier,2025-12-23,2026-01-01,9
544,8707,Supplier,2025-12-12,2025-12-23,11
545,8713,Supplier,2025-12-22,2025-12-30,8
546,8728,Design,2025-12-27,2026-01-02,6
547,8751,Supplier,2025-12-24,2026-01-06,13
548,8757,Supplier,2025-12-23,2025-12-30,7
549,8761,Supplier,2025-12-18,2025-12-24,6
550,8767,Design,2025-12-23,2025-12-29,6
551,8768,Supplier,2025-12-13,2025-12-22,9
552,8773,Supplier,2025-12-20,2025-12-23,3
553,8778,Supplier,2025-12-21,2025-12-26,5
554,8786,Supplier,2025-12-16,2025-12-29,13
555,8810,Design,2025-12-17,2025-12-29,12
556,8816,Supplier,2025-12-15,2025-12-26,11
557,8832,Design,2025-12-24,2025-12-28,4
558,8856,Supplier,2025-12-20,2025-12-26,6
559,8900,Supplier,2025-12-25,2026-01-01,7
560,8908,Supplier,2025-12-27,2026-01-10,14
561,8927,Supplier,2025-12-24,2026-01-02,9
562,8929,Supplier,2025-12-16,2025-12-26,10
563,8949,Design,2025-12-20,2025-12-31,11
564,8978,Supplier,2025-12-25,2026-01-08,14
565,8996,Supplier,2025-12-24,2025-12-31,7
566,9009,Design,2025-12-18,2025-12-28,10
567,9013,Design,2025-12-22,2025-12-25,3
568,9021,Design,2025-12-13,2025-12-23,10
569,9029,Supplier,2025-12-26,2026-01-05,10
570,9042,Design,2025-12-31,2026-01-03,3
571,9056,Supplier,2025-12-25,2025-12-31,6
572,9059,Design,2025-12-16,2025-12-29,13
573,9071,Design,2025-12-20,2025-12-29,9
574,9073,Design,2025-12-21,2026-01-02,12
575,9083,Supplier,2025-12-21,2026-01-03,13
576,9085,Supplier,2025-12-22,2026-01-02,11
577,9087,Supplier,2025-12-24,2025-12-31,7
578,9089,Design,2025-12-20,2026-01-02,13
579,9093,Supplier,2025-12-23,2026-01-06,14
580,9097,Design,2025-12-25,2026-01-02,8
581,9100,Design,2025-12-24,2025-12-28,4
582,9134,Design,2025-12-27,2026-01-06,10
583,9135,Design,2025-12-28,2026-01-07,10
584,9144,Supplier,2025-12-19,2026-01-01,13
585,9157,Supplier,2025-12-20,2025-12-27,7
586,9170,Supplier,2025-12-22,2026-01-03,12
587,9178,Design,2025-12-23,2026-01-02,10
588,9184,Supplier,2025-12-20,2025-12-29,9
589,9208,Supplier,2025-12-23,2025-12-30,7
590,9209,Design,2025-12-15,2025-12-18,3
591,9234,Supplier,2025-12-19,2025-12-23,4
592,9255,Supplier,2025-12-20,2026-01-03,14
593,9262,Design,2025-12-22,2026-01-02,11
594,9292,Design,2025-12-16,2025-12-30,14
595,9297,Supplier,2025-12-20,2026-01-02,13
596,9316,Design,2025-12-26,2026-01-06,11
597,9318,Supplier,2025-12-28,2026-01-04,7
598,9339,Supplier,2025-12-20,2025-12-27,7
599,9347,Supplier,2025-12-15,2025-12-23,8
600,9349,Supplier,2025-12-19,2025-12-28,9
601,9354,Supplier,2025-12-17,2025-12-22,5
602,9360,Design,2025-12-27,2025-12-30,3
603,9371,Design,2025-12-19,2025-12-26,7
604,9387,Supplier,2025-12-15,2025-12-25,10
605,9389,Supplier,2025-12-21,2026-01-03,13
606,9396,Design,2025-12-10,2025-12-20,10
607,9397,Supplier,2025-12-22,2025-12-27,5
608,9405,Supplier,2025-12-22,2025-12-26,4
609,9420,Design,2025-12-14,2025-12-26,12
610,9424,Supplier,2026-01-01,2026-01-07,6
611,9438,Supplier,2025-12-22,2026-01-05,14
612,9460,Supplier,2025-12-25,2025-12-31,6
613,9462,Design,2025-12-21,2025-12-27,6
614,9463,Design,2025-12-25,2025-12-28,3
615,9464,Supplier,2025-12-18,2025-12-28,10
616,9475,Design,2025-12-23,2025-12-26,3
617,9499,Supplier,2025-12-25,2025-12-28,3
618,9500,Design,2025-12-21,2025-12-27,6
619,9503,Design,2025-12-20,2026-01-02,13
620,9516,Design,2025-12-21,2026-01-02,12
621,9531,Supplier,2025-12-21,2026-01-04,14
622,9534,Design,2025-12-28,2026-01-04,7
623,9554,Supplier,2025-12-31,2026-01-10,10
624,9560,Design,2025-12-13,2025-12-21,8
625,9575,Supplier,2025-12-26,2026-01-04,9
626,9578,Supplier,2025-12-21,2025-12-31,10
627,9579,Supplier,2025-12-21,2026-01-01,11
628,9592,Supplier,2026-01-04,2026-01-14,10
629,9593,Design,2025-12-18,2025-12-22,4
630,9603,Supplier,2025-12-19,2025-12-31,12
631,9605,Supplier,2026-01-03,2026-01-12,9
632,9631,Supplier,2025-12-20,2025-12-26,6
633,9640,Supplier,2025-12-22,2025-12-30,8
634,9669,Supplier,2025-12-27,2026-01-05,9
635,9696,Design,2025-12-19,2025-12-28,9
636,9697,Supplier,2025-12-12,2025-12-24,12
637,9703,Supplier,2025-12-24,2025-12-31,7
638,9720,Design,2025-12-26,2025-12-29,3
639,9731,Supplier,2025-12-20,2026-01-02,13
640,9739,Supplier,2025-12-26,2025-12-31,5
641,9741,Supplier,2025-12-20,2026-01-01,12
642,9747,Design,2025-12-19,2026-01-01,13
643,9748,Supplier,2025-12-14,2025-12-22,8
644,9758,Design,2025-12-22,2026-01-02,11
645,9768,Design,2025-12-22,2025-12-30,8
646,9773,Supplier,2025-12-23,2025-12-28,5
647,9777,Design,2025-12-22,2025-12-28,6
648,9785,Supplier,2025-12-21,2025-12-24,3
649,9793,Supplier,2025-12-22,2025-12-25,3
650,9802,Supplier,2025-12-18,2025-12-21,3
651,9850,Supplier,2025-12-17,2025-12-22,5
652,9862,Supplier,2025-12-29,2026-01-06,8
653,9867,Supplier,2025-12-27,2026-01-03,7
654,9873,Design,2025-12-26,2025-12-29,3
655,9881,Supplier,2026-01-01,2026-01-04,3
656,9890,Design,2025-12-26,2026-01-07,12
657,9899,Supplier,2026-01-03,2026-01-16,13
658,9902,Supplier,2025-12-20,2025-12-24,4
659,9931,Supplier,2025-12-25,2026-01-06,12
660,9960,Supplier,2025-12-28,2025-12-31,3
661,10020,Design,2025-12-26,2025-12-30,4
662,10023,Supplier,2025-12-28,2026-01-04,7
663,10024,Supplier,2025-12-30,2026-01-12,13
664,10035,Supplier,2025-12-26,2026-01-09,14
665,10049,Supplier,2025-12-27,2026-01-09,13
666,10054,Design,2025-12-24,2026-01-01,8
667,10059,Supplier,2025-12-27,2026-01-01,5
668,10069,Supplier,2025-12-24,2026-01-03,10
669,10075,Supplier,2025-12-29,2026-01-02,4
670,10076,Supplier,2025-12-19,2025-12-29,10
671,10077,Supplier,2025-12-23,2025-12-26,3
672,10079,Design,2025-12-21,2025-12-29,8
673,10080,Supplier,2025-12-27,2026-01-08,12
674,10102,Design,2025-12-22,2025-12-30,8
675,10103,Supplier,2025-12-21,2025-12-31,10
676,10108,Supplier,2025-12-21,2025-12-25,4
677,10141,Design,2025-12-16,2025-12-24,8
678,10145,Supplier,2025-12-27,2026-01-10,14
679,10151,Supplier,2025-12-30,2026-01-13,14
680,10160,Supplier,2025-12-18,2025-12-24,6
681,10181,Design,2025-12-31,2026-01-13,13
682,10183,Supplier,2025-12-25,2026-01-06,12
683,10187,Design,2025-12-31,2026-01-10,10
684,10214,Supplier,2025-12-27,2026-01-02,6
685,10231,Supplier,2025-12-26,2026-01-09,14
686,10260,Supplier,2025-12-29,2026-01-05,7
687,10261,Design,2026-01-02,2026-01-15,13
688,10264,Supplier,2025-12-30,2026-01-06,7
689,10272,Supplier,2025-12-27,2026-01-06,10
690,10274,Supplier,2025-12-30,2026-01-08,9
691,10279,Design,2025-12-30,2026-01-11,12
692,10283,Supplier,2026-01-02,2026-01-12,10
693,10286,Supplier,2025-12-25,2025-12-31,6
694,10292,Supplier,2025-12-21,2025-12-28,7
695,10308,Design,2025-12-24,2025-12-30,6
696,10309,Design,2025-12-27,2026-01-09,13
697,10314,Supplier,2026-01-05,2026-01-11,6
698,10316,Design,2025-12-28,2026-01-02,5
699,10321,Design,2025-12-19,2025-12-24,5
700,10328,Design,2025-12-31,2026-01-07,7
701,10329,Design,2025-12-27,2026-01-05,9
702,10344,Supplier,2025-12-26,2025-12-31,5
703,10364,Design,2025-12-28,2026-01-09,12
704,10367,Supplier,2025-12-26,2025-12-29,3
705,10370,Design,2026-01-02,2026-01-10,8
706,10375,Supplier,2025-12-17,2025-12-24,7
707,10400,Design,2025-12-21,2025-12-29,8
708,10455,Design,2025-12-30,2026-01-11,12
709,10460,Supplier,2025-12-25,2026-01-02,8
710,10466,Design,2026-01-04,2026-01-16,12
711,10473,Supplier,2025-12-21,2025-12-28,7
712,10475,Supplier,2025-12-19,2025-12-28,9
713,10491,Supplier,2026-01-02,2026-01-07,5
714,10497,Supplier,2025-12-28,2026-01-10,13
715,10502,Design,2025-12-20,2025-12-29,9
716,10519,Supplier,2025-12-29,2026-01-12,14
717,10522,Supplier,2025-12-20,2025-12-25,5
718,10525,Supplier,2025-12-26,2025-12-30,4
719,10544,Supplier,2025-12-27,2025-12-30,3
720,10565,Supplier,2025-12-30,2026-01-06,7
721,10567,Supplier,2025-12-30,2026-01-03,4
722,10582,Supplier,2025-12-24,2025-12-30,6
723,10593,Design,2025-12-20,2025-12-27,7
724,10617,Supplier,2025-12-21,2025-12-26,5
725,10652,Supplier,2025-12-28,2026-01-02,5
726,10659,Supplier,2026-01-06,2026-01-14,8
727,10668,Supplier,2025-12-28,2026-01-09,12
728,10670,Supplier,2025-12-28,2025-12-31,3
729,10671,Design,2025-12-30,2026-01-02,3
730,10679,Design,2025-12-23,2026-01-05,13
731,10714,Supplier,2025-12-30,2026-01-10,11
732,10721,Supplier,2026-01-04,2026-01-17,13
733,10733,Supplier,2025-12-22,2025-12-29,7
734,10738,Supplier,2025-12-19,2025-12-22,3
735,10748,Supplier,2025-12-21,2026-01-02,12
736,10757,Supplier,2025-12-26,2025-12-29,3
737,10764,Design,2026-01-03,2026-01-07,4
738,10784,Design,2025-12-29,2026-01-10,12
739,10790,Design,2026-01-04,2026-01-10,6
740,10810,Supplier,2025-12-18,2025-12-24,6
741,10814,Design,2025-12-28,2026-01-03,6
742,10839,Design,2025-12-29,2026-01-11,13
743,10845,Design,2025-12-20,2026-01-02,13
744,10851,Supplier,2025-12-23,2025-12-30,7
745,10857,Design,2026-01-07,2026-01-16,9
746,10864,Supplier,2025-12-27,2025-12-31,4
747,10881,Supplier,2025-12-24,2026-01-07,14
748,10890,Supplier,2026-01-02,2026-01-14,12
749,10894,Supplier,2025-12-28,2025-12-31,3
750,10896,Design,2025-12-28,2026-01-10,13
751,10900,Supplier,2025-12-27,2026-01-08,12
752,10910,Design,2025-12-28,2026-01-04,7
753,10929,Design,2025-12-26,2025-12-31,5
754,10937,Supplier,2025-12-28,2026-01-05,8
755,10951,Supplier,2025-12-31,2026-01-14,14
756,10958,Design,2025-12-27,2025-12-30,3
757,10976,Supplier,2026-01-01,2026-01-11,10
758,10989,Supplier,2025-12-29,2026-01-11,13
759,10994,Supplier,2025-12-21,2025-12-25,4
760,11003,Supplier,2025-12-28,2026-01-08,11
761,11012,Supplier,2025-12-22,2026-01-04,13
762,11032,Supplier,2025-12-27,2026-01-09,13
763,11035,Supplier,2025-12-26,2026-01-08,13
764,11036,Design,2025-12-22,2026-01-03,12
765,11039,Supplier,2025-12-19,2026-01-01,13
766,11044,Supplier,2026-01-06,2026-01-15,9
767,11053,Design,2025-12-26,2026-01-04,9
768,11074,Supplier,2026-01-05,2026-01-09,4
769,11114,Supplier,2025-12-30,2026-01-08,9
770,11121,Design,2025-12-24,2026-01-03,10
771,11132,Design,2026-01-07,2026-01-18,11
772,11172,Supplier,2025-12-26,2025-12-31,5
773,11197,Design,2025-12-25,2025-12-31,6
774,11206,Design,2025-12-23,2025-12-25,2
775,11210,Supplier,2025-12-25,2026-01-02,8
776,11217,Supplier,2025-12-22,2025-12-25,3
777,11220,Supplier,2025-12-28,2026-01-02,5
778,11233,Design,2025-12-25,2026-01-03,9
779,11246,Design,2025-12-24,2026-01-02,9
780,11285,Design,2025-12-24,2025-12-27,3
781,11303,Design,2025-12-29,2026-01-07,9
782,11305,Supplier,2025-12-26,2025-12-30,4
783,11402,Design,2025-12-25,2026-01-01,7
784,11464,Design,2025-12-26,2026-01-04,9
785,11526,Design,2025-12-29,2025-12-31,2
786,11544,Supplier,2025-12-28,2025-12-31,3
787,11550,Supplier,2026-01-03,2026-01-10,7
788,11552,Design,2025-12-31,2026-01-07,7
789,11557,Supplier,2025-12-25,2025-12-30,5
790,11567,Supplier,2025-12-25,2025-12-30,5
791,11569,Design,2025-12-29,2026-01-06,8
792,11596,Supplier,2025-12-27,2026-01-02,6
793,11681,Design,2025-12-31,2026-01-07,7
