order_id,store_id,supplier_id,sku,week_number,is_peak_season,order_date,delivered_date,cycle_time_days,is_overdue
1259,1,3,SKU-06,1,0,2025-09-26,2025-10-08,8,0
1293,1,3,SKU-03,1,0,2025-09-27,2025-10-09,9,0
1263,6,3,SKU-08,1,0,2025-09-26,2025-10-08,8,0
1747,4,2,SKU-15,2,0,2025-10-05,2025-10-15,8,0
1579,5,2,SKU-04,2,0,2025-10-02,2025-10-13,7,0
1436,2,1,SKU-03,2,0,2025-09-29,2025-10-08,7,0
2129,5,3,SKU-13,3,0,2025-10-12,2025-10-21,7,0
1915,1,2,SKU-13,3,0,2025-10-08,2025-10-20,8,0
1800,3,2,SKU-12,3,0,2025-10-06,2025-10-16,8,0
2447,1,2,SKU-11,4,0,2025-10-17,2025-10-29,8,0
2458,5,2,SKU-08,4,0,2025-10-17,2025-10-30,9,0
2276,1,1,SKU-08,4,0,2025-10-14,2025-10-29,11,1
2729,5,3,SKU-03,5,0,2025-10-21,2025-11-03,9,0
2804,1,2,SKU-05,5,0,2025-10-23,2025-11-03,7,0
2673,1,3,SKU-11,5,0,2025-10-21,2025-11-04,10,0
3109,4,1,SKU-14,6,0,2025-10-28,2025-11-06,7,0
3428,4,3,SKU-15,6,0,2025-11-01,2025-11-11,7,0
3263,4,2,SKU-10,6,0,2025-10-30,2025-11-10,7,0
3597,2,3,SKU-06,7,0,2025-11-04,2025-11-19,11,1
3745,3,1,SKU-03,7,0,2025-11-06,2025-11-19,9,0
3876,4,2,SKU-12,7,0,2025-11-07,2025-11-21,10,0
4561,4,2,SKU-15,8,1,2025-11-14,2025-12-05,15,1
4259,1,1,SKU-03,8,1,2025-11-11,2025-11-21,8,0
4642,1,2,SKU-12,8,1,2025-11-14,2025-12-05,15,1
5570,1,1,SKU-08,9,1,2025-11-19,2025-12-16,19,1
6124,6,1,SKU-14,9,1,2025-11-21,2025-12-08,11,1
6337,2,3,SKU-06,9,1,2025-11-22,2025-12-09,12,1
8092,4,1,SKU-10,10,1,2025-11-27,2025-12-17,14,1
7821,5,3,SKU-07,10,1,2025-11-26,2025-12-15,13,1
9057,2,1,SKU-08,10,1,2025-11-29,2025-12-16,12,1
9611,6,1,SKU-09,11,1,2025-12-01,2025-12-22,15,1
10165,6,2,SKU-03,11,1,2025-12-03,2025-12-19,12,1
10828,4,2,SKU-10,11,1,2025-12-06,2025-12-23,12,1
11400,1,1,SKU-02,12,0,2025-12-11,2025-12-26,11,1
11643,2,2,SKU-09,12,0,2025-12-14,2025-12-23,7,0
11258,3,2,SKU-02,12,0,2025-12-09,2025-12-18,7,0
